,month,temperature
0,1,36.205
1,2,36.0651960212
2,3,42.5022273876
3,4,51.1926174553
4,5,63.2103398661
5,6,68.7570198031
6,7,77.2018403068
7,8,71.5265104131
8,9,66.6418195498
9,10,58.4685949066
10,11,43.5259179608
11,12,38.2099550327
12,13,38.3643769762
13,14,38.911706622
14,15,45.9387515435
15,16,53.6368729615
16,17,65.868612335
17,18,72.2016820709
18,19,81.8458143478
19,20,75.9013282141
20,21,69.4162336668
21,22,61.0317272106
22,23,45.4714549949
23,24,38.9152709019
