,month,sales
0,1,159.514966843
1,2,357.588371285
2,3,145.564544125
3,4,150.204978629
4,5,211.903346758
5,6,147.844560927
6,7,149.282593969
7,8,157.052089843
8,9,181.037909755
9,10,199.799745479
10,11,286.941946296
11,12,290.415812364
12,13,191.643595575
13,14,428.914852216
14,15,162.448639092
15,16,171.635695704
16,17,247.630262429
17,18,177.436239776
18,19,176.661172821
19,20,173.385151533
20,21,207.718569753
21,22,228.185138372
22,23,315.438555828
23,24,311.743934356
